1,60787F7B-5339-4FC2-BD5A-2C781CF806E6,2026-04-21 10:20:32.0000000,Discover,ADEVWEATSQL1,Ola.CommandExecute,1,,
2,60787F7B-5339-4FC2-BD5A-2C781CF806E6,2026-04-21 10:20:32.0000000,Discover,ADEVWEATSQL1,Ola.CommandLog,1,,
3,60787F7B-5339-4FC2-BD5A-2C781CF806E6,2026-04-21 10:20:32.0000000,Discover,ADEVWEATSQL1,Ola.IndexOptimize,1,,
4,60787F7B-5339-4FC2-BD5A-2C781CF806E6,2026-04-21 10:20:32.0000000,Discover,ADEVWEATSQL1,Legacy.JobExists,1,,
5,60787F7B-5339-4FC2-BD5A-2C781CF806E6,2026-04-21 10:20:32.0000000,Discover,ADEVWEATSQL1,Legacy.Job.Name,(DBA) - Optimisation,,
6,60787F7B-5339-4FC2-BD5A-2C781CF806E6,2026-04-21 10:20:32.0000000,Discover,ADEVWEATSQL1,Legacy.Job.Enabled,1,,
7,60787F7B-5339-4FC2-BD5A-2C781CF806E6,2026-04-21 10:20:32.0000000,Discover,ADEVWEATSQL1,Legacy.Job.Owner,sa,,
8,60787F7B-5339-4FC2-BD5A-2C781CF806E6,2026-04-21 10:20:32.0000000,Discover,ADEVWEATSQL1,Legacy.Job.Category,[Uncategorized (Local)],,
9,60787F7B-5339-4FC2-BD5A-2C781CF806E6,2026-04-21 10:20:32.0000000,Discover,ADEVWEATSQL1,Legacy.Job.Description,No description available.,,
10,60787F7B-5339-4FC2-BD5A-2C781CF806E6,2026-04-21 10:20:32.0000000,Discover,ADEVWEATSQL1,Legacy.Step1.StepName,(DBA) - Indexes,,
11,60787F7B-5339-4FC2-BD5A-2C781CF806E6,2026-04-21 10:20:32.0000000,Discover,ADEVWEATSQL1,Legacy.Step1.SubSystem,TSQL,,
12,60787F7B-5339-4FC2-BD5A-2C781CF806E6,2026-04-21 10:20:32.0000000,Discover,ADEVWEATSQL1,Legacy.Step1.DatabaseName,DBA,,
13,60787F7B-5339-4FC2-BD5A-2C781CF806E6,2026-04-21 10:20:32.0000000,Discover,ADEVWEATSQL1,Legacy.Step1.OutputFile,C:\SQLReports\(DBA) - Optimisation - Indexes ($(ESCAPE_SQUOTE(STRTDT))).txt,,
14,60787F7B-5339-4FC2-BD5A-2C781CF806E6,2026-04-21 10:20:32.0000000,Discover,ADEVWEATSQL1,Legacy.Step1.OnSuccessAction,3,,
15,60787F7B-5339-4FC2-BD5A-2C781CF806E6,2026-04-21 10:20:32.0000000,Discover,ADEVWEATSQL1,Legacy.Step1.OnSuccessStepId,0,,
16,60787F7B-5339-4FC2-BD5A-2C781CF806E6,2026-04-21 10:20:32.0000000,Discover,ADEVWEATSQL1,Legacy.Step1.OnFailAction,3,,
17,60787F7B-5339-4FC2-BD5A-2C781CF806E6,2026-04-21 10:20:32.0000000,Discover,ADEVWEATSQL1,Legacy.Step1.OnFailStepId,0,,
18,60787F7B-5339-4FC2-BD5A-2C781CF806E6,2026-04-21 10:20:32.0000000,Discover,ADEVWEATSQL1,Legacy.Step1.RetryAttempts,0,,
19,60787F7B-5339-4FC2-BD5A-2C781CF806E6,2026-04-21 10:20:32.0000000,Discover,ADEVWEATSQL1,Legacy.Step1.RetryInterval,0,,
20,60787F7B-5339-4FC2-BD5A-2C781CF806E6,2026-04-21 10:20:32.0000000,Discover,ADEVWEATSQL1,Legacy.Step1.Flags,0,,
21,60787F7B-5339-4FC2-BD5A-2C781CF806E6,2026-04-21 10:20:32.0000000,Discover,ADEVWEATSQL1,Legacy.Step1.Command,<see Notes>,,"SET NOCOUNT ON;

DECLARE @Counter TINYINT,
		@DBName SYSNAME

DECLARE @Databases TABLE
(
ID TINYINT IDENTITY(1,1),
Name SYSNAME
)

INSERT INTO @Databases
SELECT name
FROM sys.databases
ORDER BY Name;

SET @Counter = 1

WHILE EXISTS (SELECT 1 FROM @Databases WHERE ID = @Counter)
	BEGIN
		SELECT @DBName = Name FROM @Databases WHERE ID = @Counter

		EXEC [dbo].[UspDatabaseOptimise] @DBName = @DBName, @RetentionWeeks = -5, @ReassessDay = 0, @LimitProcessing = NULL, @BulkRecovery = 0, @SortOrder = 'DESC', @RebuildHeap = 0, @Debug = 0

		SET @Counter = @Counter + 1
	END
GO"
22,60787F7B-5339-4FC2-BD5A-2C781CF806E6,2026-04-21 10:20:32.0000000,Discover,ADEVWEATSQL1,Legacy.Step2.StepName,(DBA) - Statistics,,
23,60787F7B-5339-4FC2-BD5A-2C781CF806E6,2026-04-21 10:20:32.0000000,Discover,ADEVWEATSQL1,Legacy.Step2.SubSystem,TSQL,,
24,60787F7B-5339-4FC2-BD5A-2C781CF806E6,2026-04-21 10:20:32.0000000,Discover,ADEVWEATSQL1,Legacy.Step2.DatabaseName,DBA,,
25,60787F7B-5339-4FC2-BD5A-2C781CF806E6,2026-04-21 10:20:32.0000000,Discover,ADEVWEATSQL1,Legacy.Step2.OutputFile,C:\SQLReports\(DBA) - Optimisation - Statistics ($(ESCAPE_SQUOTE(STRTDT))).txt,,
26,60787F7B-5339-4FC2-BD5A-2C781CF806E6,2026-04-21 10:20:32.0000000,Discover,ADEVWEATSQL1,Legacy.Step2.OnSuccessAction,1,,
27,60787F7B-5339-4FC2-BD5A-2C781CF806E6,2026-04-21 10:20:32.0000000,Discover,ADEVWEATSQL1,Legacy.Step2.OnSuccessStepId,0,,
28,60787F7B-5339-4FC2-BD5A-2C781CF806E6,2026-04-21 10:20:32.0000000,Discover,ADEVWEATSQL1,Legacy.Step2.OnFailAction,2,,
29,60787F7B-5339-4FC2-BD5A-2C781CF806E6,2026-04-21 10:20:32.0000000,Discover,ADEVWEATSQL1,Legacy.Step2.OnFailStepId,0,,
30,60787F7B-5339-4FC2-BD5A-2C781CF806E6,2026-04-21 10:20:32.0000000,Discover,ADEVWEATSQL1,Legacy.Step2.RetryAttempts,0,,
31,60787F7B-5339-4FC2-BD5A-2C781CF806E6,2026-04-21 10:20:32.0000000,Discover,ADEVWEATSQL1,Legacy.Step2.RetryInterval,0,,
32,60787F7B-5339-4FC2-BD5A-2C781CF806E6,2026-04-21 10:20:32.0000000,Discover,ADEVWEATSQL1,Legacy.Step2.Flags,0,,
33,60787F7B-5339-4FC2-BD5A-2C781CF806E6,2026-04-21 10:20:32.0000000,Discover,ADEVWEATSQL1,Legacy.Step2.Command,<see Notes>,,"SET NOCOUNT ON;

DECLARE @Counter TINYINT,
		@DBName SYSNAME

DECLARE @Databases TABLE
(
ID TINYINT IDENTITY(1,1),
Name SYSNAME
)

INSERT INTO @Databases
SELECT name
FROM sys.databases
ORDER BY Name;

SET @Counter = 1

WHILE EXISTS (SELECT 1 FROM @Databases WHERE ID = @Counter)
	BEGIN
		SELECT @DBName = Name FROM @Databases WHERE ID = @Counter

		EXEC [dbo].[UspDatabaseOptimiseStatistics] @DBName = @DBName, @StatisticAgeHours = 2, @SampleValue = NULL, @PrintCommandOnly = 0

		SET @Counter = @Counter + 1
	END
GO"
34,60787F7B-5339-4FC2-BD5A-2C781CF806E6,2026-04-21 10:20:32.0000000,Discover,ADEVWEATSQL1,Legacy.Schedule0.Name,(DBA) - Index Optimisation,,
35,60787F7B-5339-4FC2-BD5A-2C781CF806E6,2026-04-21 10:20:32.0000000,Discover,ADEVWEATSQL1,Legacy.Schedule0.Enabled,1,,
36,60787F7B-5339-4FC2-BD5A-2C781CF806E6,2026-04-21 10:20:32.0000000,Discover,ADEVWEATSQL1,Legacy.Schedule0.FreqType,8,,
37,60787F7B-5339-4FC2-BD5A-2C781CF806E6,2026-04-21 10:20:32.0000000,Discover,ADEVWEATSQL1,Legacy.Schedule0.FreqInterval,28,,
38,60787F7B-5339-4FC2-BD5A-2C781CF806E6,2026-04-21 10:20:32.0000000,Discover,ADEVWEATSQL1,Legacy.Schedule0.FreqSubdayType,1,,
39,60787F7B-5339-4FC2-BD5A-2C781CF806E6,2026-04-21 10:20:32.0000000,Discover,ADEVWEATSQL1,Legacy.Schedule0.FreqSubdayInterval,0,,
40,60787F7B-5339-4FC2-BD5A-2C781CF806E6,2026-04-21 10:20:32.0000000,Discover,ADEVWEATSQL1,Legacy.Schedule0.FreqRelativeInterval,0,,
41,60787F7B-5339-4FC2-BD5A-2C781CF806E6,2026-04-21 10:20:32.0000000,Discover,ADEVWEATSQL1,Legacy.Schedule0.FreqRecurrenceFactor,1,,
42,60787F7B-5339-4FC2-BD5A-2C781CF806E6,2026-04-21 10:20:32.0000000,Discover,ADEVWEATSQL1,Legacy.Schedule0.ActiveStartDate,20260309,,
43,60787F7B-5339-4FC2-BD5A-2C781CF806E6,2026-04-21 10:20:32.0000000,Discover,ADEVWEATSQL1,Legacy.Schedule0.ActiveEndDate,99991231,,
44,60787F7B-5339-4FC2-BD5A-2C781CF806E6,2026-04-21 10:20:32.0000000,Discover,ADEVWEATSQL1,Legacy.Schedule0.ActiveStartTime,220000,,
45,60787F7B-5339-4FC2-BD5A-2C781CF806E6,2026-04-21 10:20:32.0000000,Discover,ADEVWEATSQL1,Legacy.Schedule0.ActiveEndTime,235959,,
46,60787F7B-5339-4FC2-BD5A-2C781CF806E6,2026-04-21 10:20:32.0000000,Discover,ADEVWEATSQL1,New.JobExists,1,,
47,60787F7B-5339-4FC2-BD5A-2C781CF806E6,2026-04-21 10:20:32.0000000,Discover,ADEVWEATSQL1,New.Job.Name,(DBA) - IndexOptimise - USER_DATABASES,,
48,60787F7B-5339-4FC2-BD5A-2C781CF806E6,2026-04-21 10:20:32.0000000,Discover,ADEVWEATSQL1,New.Job.Enabled,0,,
49,60787F7B-5339-4FC2-BD5A-2C781CF806E6,2026-04-21 10:20:32.0000000,Discover,ADEVWEATSQL1,New.Job.Owner,sa,,
50,60787F7B-5339-4FC2-BD5A-2C781CF806E6,2026-04-21 10:20:32.0000000,Discover,ADEVWEATSQL1,New.Job.Category,Database Maintenance,,
51,60787F7B-5339-4FC2-BD5A-2C781CF806E6,2026-04-21 10:20:32.0000000,Discover,ADEVWEATSQL1,New.Job.Description,Source: https://ola.hallengren.com,,
52,60787F7B-5339-4FC2-BD5A-2C781CF806E6,2026-04-21 10:20:32.0000000,Discover,ADEVWEATSQL1,New.Step1.StepName,IndexOptimize - USER_DATABASES,,
53,60787F7B-5339-4FC2-BD5A-2C781CF806E6,2026-04-21 10:20:32.0000000,Discover,ADEVWEATSQL1,New.Step1.SubSystem,TSQL,,
54,60787F7B-5339-4FC2-BD5A-2C781CF806E6,2026-04-21 10:20:32.0000000,Discover,ADEVWEATSQL1,New.Step1.DatabaseName,DBA,,
55,60787F7B-5339-4FC2-BD5A-2C781CF806E6,2026-04-21 10:20:32.0000000,Discover,ADEVWEATSQL1,New.Step1.OutputFile,$(ESCAPE_SQUOTE(SQLLOGDIR))\$(ESCAPE_SQUOTE(JOBNAME))_$(ESCAPE_SQUOTE(STEPID))_$(ESCAPE_SQUOTE(DATE))_$(ESCAPE_SQUOTE(TIME)).txt,,
56,60787F7B-5339-4FC2-BD5A-2C781CF806E6,2026-04-21 10:20:32.0000000,Discover,ADEVWEATSQL1,New.Step1.OnSuccessAction,1,,
57,60787F7B-5339-4FC2-BD5A-2C781CF806E6,2026-04-21 10:20:32.0000000,Discover,ADEVWEATSQL1,New.Step1.OnSuccessStepId,0,,
58,60787F7B-5339-4FC2-BD5A-2C781CF806E6,2026-04-21 10:20:32.0000000,Discover,ADEVWEATSQL1,New.Step1.OnFailAction,2,,
59,60787F7B-5339-4FC2-BD5A-2C781CF806E6,2026-04-21 10:20:32.0000000,Discover,ADEVWEATSQL1,New.Step1.OnFailStepId,0,,
60,60787F7B-5339-4FC2-BD5A-2C781CF806E6,2026-04-21 10:20:32.0000000,Discover,ADEVWEATSQL1,New.Step1.RetryAttempts,0,,
61,60787F7B-5339-4FC2-BD5A-2C781CF806E6,2026-04-21 10:20:32.0000000,Discover,ADEVWEATSQL1,New.Step1.RetryInterval,0,,
62,60787F7B-5339-4FC2-BD5A-2C781CF806E6,2026-04-21 10:20:32.0000000,Discover,ADEVWEATSQL1,New.Step1.Flags,0,,
63,60787F7B-5339-4FC2-BD5A-2C781CF806E6,2026-04-21 10:20:32.0000000,Discover,ADEVWEATSQL1,New.Step1.Command,<see Notes>,,"EXEC dbo.IndexOptimize
  @UpdateStatistics = 'ALL',
  @FragmentationHigh = 'INDEX_REBUILD_ONLINE',
  @LogToTable = 'Y',
  @FragmentationMedium = 'INDEX_REORGANIZE,INDEX_REBUILD_ONLINE',
  @FragmentationLevel1 = 5,
  @OnlyModifiedStatistics = 'N',
  @FragmentationLevel2 = 30,
  @Databases = 'USER_DATABASES'"
64,60787F7B-5339-4FC2-BD5A-2C781CF806E6,2026-04-21 10:20:32.0000000,Discover,ADEVWEATSQL1,Legacy.ConfigTable,Missing,,DBA.dbo.tblDatabaseConfig not found; mapping will fall through to defaults.
65,DEDCC31D-5F22-4A78-827F-ACBD238A1EA5,2026-04-21 11:15:53.0000000,Discover,ADEVWEATSQL1,Ola.CommandExecute,1,,
66,DEDCC31D-5F22-4A78-827F-ACBD238A1EA5,2026-04-21 11:15:53.0000000,Discover,ADEVWEATSQL1,Ola.CommandLog,1,,
67,DEDCC31D-5F22-4A78-827F-ACBD238A1EA5,2026-04-21 11:15:53.0000000,Discover,ADEVWEATSQL1,Ola.IndexOptimize,1,,
68,DEDCC31D-5F22-4A78-827F-ACBD238A1EA5,2026-04-21 11:15:53.0000000,Discover,ADEVWEATSQL1,Legacy.JobExists,1,,
69,DEDCC31D-5F22-4A78-827F-ACBD238A1EA5,2026-04-21 11:15:53.0000000,Discover,ADEVWEATSQL1,Legacy.Job.Name,(DBA) - Optimisation,,
70,DEDCC31D-5F22-4A78-827F-ACBD238A1EA5,2026-04-21 11:15:53.0000000,Discover,ADEVWEATSQL1,Legacy.Job.Enabled,1,,
71,DEDCC31D-5F22-4A78-827F-ACBD238A1EA5,2026-04-21 11:15:53.0000000,Discover,ADEVWEATSQL1,Legacy.Job.Owner,sa,,
72,DEDCC31D-5F22-4A78-827F-ACBD238A1EA5,2026-04-21 11:15:53.0000000,Discover,ADEVWEATSQL1,Legacy.Job.Category,[Uncategorized (Local)],,
73,DEDCC31D-5F22-4A78-827F-ACBD238A1EA5,2026-04-21 11:15:53.0000000,Discover,ADEVWEATSQL1,Legacy.Job.Description,No description available.,,
74,DEDCC31D-5F22-4A78-827F-ACBD238A1EA5,2026-04-21 11:15:53.0000000,Discover,ADEVWEATSQL1,Legacy.Step1.StepName,(DBA) - Indexes,,
75,DEDCC31D-5F22-4A78-827F-ACBD238A1EA5,2026-04-21 11:15:53.0000000,Discover,ADEVWEATSQL1,Legacy.Step1.SubSystem,TSQL,,
76,DEDCC31D-5F22-4A78-827F-ACBD238A1EA5,2026-04-21 11:15:53.0000000,Discover,ADEVWEATSQL1,Legacy.Step1.DatabaseName,DBA,,
77,DEDCC31D-5F22-4A78-827F-ACBD238A1EA5,2026-04-21 11:15:53.0000000,Discover,ADEVWEATSQL1,Legacy.Step1.OutputFile,C:\SQLReports\(DBA) - Optimisation - Indexes ($(ESCAPE_SQUOTE(STRTDT))).txt,,
78,DEDCC31D-5F22-4A78-827F-ACBD238A1EA5,2026-04-21 11:15:53.0000000,Discover,ADEVWEATSQL1,Legacy.Step1.OnSuccessAction,3,,
79,DEDCC31D-5F22-4A78-827F-ACBD238A1EA5,2026-04-21 11:15:53.0000000,Discover,ADEVWEATSQL1,Legacy.Step1.OnSuccessStepId,0,,
80,DEDCC31D-5F22-4A78-827F-ACBD238A1EA5,2026-04-21 11:15:53.0000000,Discover,ADEVWEATSQL1,Legacy.Step1.OnFailAction,3,,
81,DEDCC31D-5F22-4A78-827F-ACBD238A1EA5,2026-04-21 11:15:53.0000000,Discover,ADEVWEATSQL1,Legacy.Step1.OnFailStepId,0,,
82,DEDCC31D-5F22-4A78-827F-ACBD238A1EA5,2026-04-21 11:15:53.0000000,Discover,ADEVWEATSQL1,Legacy.Step1.RetryAttempts,0,,
83,DEDCC31D-5F22-4A78-827F-ACBD238A1EA5,2026-04-21 11:15:53.0000000,Discover,ADEVWEATSQL1,Legacy.Step1.RetryInterval,0,,
84,DEDCC31D-5F22-4A78-827F-ACBD238A1EA5,2026-04-21 11:15:53.0000000,Discover,ADEVWEATSQL1,Legacy.Step1.Flags,0,,
85,DEDCC31D-5F22-4A78-827F-ACBD238A1EA5,2026-04-21 11:15:53.0000000,Discover,ADEVWEATSQL1,Legacy.Step1.Command,<see Notes>,,"SET NOCOUNT ON;

DECLARE @Counter TINYINT,
		@DBName SYSNAME

DECLARE @Databases TABLE
(
ID TINYINT IDENTITY(1,1),
Name SYSNAME
)

INSERT INTO @Databases
SELECT name
FROM sys.databases
ORDER BY Name;

SET @Counter = 1

WHILE EXISTS (SELECT 1 FROM @Databases WHERE ID = @Counter)
	BEGIN
		SELECT @DBName = Name FROM @Databases WHERE ID = @Counter

		EXEC [dbo].[UspDatabaseOptimise] @DBName = @DBName, @RetentionWeeks = -5, @ReassessDay = 0, @LimitProcessing = NULL, @BulkRecovery = 0, @SortOrder = 'DESC', @RebuildHeap = 0, @Debug = 0

		SET @Counter = @Counter + 1
	END
GO"
86,DEDCC31D-5F22-4A78-827F-ACBD238A1EA5,2026-04-21 11:15:53.0000000,Discover,ADEVWEATSQL1,Legacy.Step2.StepName,(DBA) - Statistics,,
87,DEDCC31D-5F22-4A78-827F-ACBD238A1EA5,2026-04-21 11:15:53.0000000,Discover,ADEVWEATSQL1,Legacy.Step2.SubSystem,TSQL,,
88,DEDCC31D-5F22-4A78-827F-ACBD238A1EA5,2026-04-21 11:15:53.0000000,Discover,ADEVWEATSQL1,Legacy.Step2.DatabaseName,DBA,,
89,DEDCC31D-5F22-4A78-827F-ACBD238A1EA5,2026-04-21 11:15:53.0000000,Discover,ADEVWEATSQL1,Legacy.Step2.OutputFile,C:\SQLReports\(DBA) - Optimisation - Statistics ($(ESCAPE_SQUOTE(STRTDT))).txt,,
90,DEDCC31D-5F22-4A78-827F-ACBD238A1EA5,2026-04-21 11:15:53.0000000,Discover,ADEVWEATSQL1,Legacy.Step2.OnSuccessAction,1,,
91,DEDCC31D-5F22-4A78-827F-ACBD238A1EA5,2026-04-21 11:15:53.0000000,Discover,ADEVWEATSQL1,Legacy.Step2.OnSuccessStepId,0,,
92,DEDCC31D-5F22-4A78-827F-ACBD238A1EA5,2026-04-21 11:15:53.0000000,Discover,ADEVWEATSQL1,Legacy.Step2.OnFailAction,2,,
93,DEDCC31D-5F22-4A78-827F-ACBD238A1EA5,2026-04-21 11:15:53.0000000,Discover,ADEVWEATSQL1,Legacy.Step2.OnFailStepId,0,,
94,DEDCC31D-5F22-4A78-827F-ACBD238A1EA5,2026-04-21 11:15:53.0000000,Discover,ADEVWEATSQL1,Legacy.Step2.RetryAttempts,0,,
95,DEDCC31D-5F22-4A78-827F-ACBD238A1EA5,2026-04-21 11:15:53.0000000,Discover,ADEVWEATSQL1,Legacy.Step2.RetryInterval,0,,
96,DEDCC31D-5F22-4A78-827F-ACBD238A1EA5,2026-04-21 11:15:53.0000000,Discover,ADEVWEATSQL1,Legacy.Step2.Flags,0,,
97,DEDCC31D-5F22-4A78-827F-ACBD238A1EA5,2026-04-21 11:15:53.0000000,Discover,ADEVWEATSQL1,Legacy.Step2.Command,<see Notes>,,"SET NOCOUNT ON;

DECLARE @Counter TINYINT,
		@DBName SYSNAME

DECLARE @Databases TABLE
(
ID TINYINT IDENTITY(1,1),
Name SYSNAME
)

INSERT INTO @Databases
SELECT name
FROM sys.databases
ORDER BY Name;

SET @Counter = 1

WHILE EXISTS (SELECT 1 FROM @Databases WHERE ID = @Counter)
	BEGIN
		SELECT @DBName = Name FROM @Databases WHERE ID = @Counter

		EXEC [dbo].[UspDatabaseOptimiseStatistics] @DBName = @DBName, @StatisticAgeHours = 2, @SampleValue = NULL, @PrintCommandOnly = 0

		SET @Counter = @Counter + 1
	END
GO"
98,DEDCC31D-5F22-4A78-827F-ACBD238A1EA5,2026-04-21 11:15:53.0000000,Discover,ADEVWEATSQL1,Legacy.Schedule0.Name,(DBA) - Index Optimisation,,
99,DEDCC31D-5F22-4A78-827F-ACBD238A1EA5,2026-04-21 11:15:53.0000000,Discover,ADEVWEATSQL1,Legacy.Schedule0.Enabled,1,,
100,DEDCC31D-5F22-4A78-827F-ACBD238A1EA5,2026-04-21 11:15:53.0000000,Discover,ADEVWEATSQL1,Legacy.Schedule0.FreqType,8,,
101,DEDCC31D-5F22-4A78-827F-ACBD238A1EA5,2026-04-21 11:15:53.0000000,Discover,ADEVWEATSQL1,Legacy.Schedule0.FreqInterval,28,,
102,DEDCC31D-5F22-4A78-827F-ACBD238A1EA5,2026-04-21 11:15:53.0000000,Discover,ADEVWEATSQL1,Legacy.Schedule0.FreqSubdayType,1,,
103,DEDCC31D-5F22-4A78-827F-ACBD238A1EA5,2026-04-21 11:15:53.0000000,Discover,ADEVWEATSQL1,Legacy.Schedule0.FreqSubdayInterval,0,,
104,DEDCC31D-5F22-4A78-827F-ACBD238A1EA5,2026-04-21 11:15:53.0000000,Discover,ADEVWEATSQL1,Legacy.Schedule0.FreqRelativeInterval,0,,
105,DEDCC31D-5F22-4A78-827F-ACBD238A1EA5,2026-04-21 11:15:53.0000000,Discover,ADEVWEATSQL1,Legacy.Schedule0.FreqRecurrenceFactor,1,,
106,DEDCC31D-5F22-4A78-827F-ACBD238A1EA5,2026-04-21 11:15:53.0000000,Discover,ADEVWEATSQL1,Legacy.Schedule0.ActiveStartDate,20260309,,
107,DEDCC31D-5F22-4A78-827F-ACBD238A1EA5,2026-04-21 11:15:53.0000000,Discover,ADEVWEATSQL1,Legacy.Schedule0.ActiveEndDate,99991231,,
108,DEDCC31D-5F22-4A78-827F-ACBD238A1EA5,2026-04-21 11:15:53.0000000,Discover,ADEVWEATSQL1,Legacy.Schedule0.ActiveStartTime,220000,,
109,DEDCC31D-5F22-4A78-827F-ACBD238A1EA5,2026-04-21 11:15:53.0000000,Discover,ADEVWEATSQL1,Legacy.Schedule0.ActiveEndTime,235959,,
110,DEDCC31D-5F22-4A78-827F-ACBD238A1EA5,2026-04-21 11:15:53.0000000,Discover,ADEVWEATSQL1,New.JobExists,1,,
111,DEDCC31D-5F22-4A78-827F-ACBD238A1EA5,2026-04-21 11:15:53.0000000,Discover,ADEVWEATSQL1,New.Job.Name,(DBA) - IndexOptimise - USER_DATABASES,,
112,DEDCC31D-5F22-4A78-827F-ACBD238A1EA5,2026-04-21 11:15:53.0000000,Discover,ADEVWEATSQL1,New.Job.Enabled,0,,
113,DEDCC31D-5F22-4A78-827F-ACBD238A1EA5,2026-04-21 11:15:53.0000000,Discover,ADEVWEATSQL1,New.Job.Owner,sa,,
114,DEDCC31D-5F22-4A78-827F-ACBD238A1EA5,2026-04-21 11:15:53.0000000,Discover,ADEVWEATSQL1,New.Job.Category,Database Maintenance,,
115,DEDCC31D-5F22-4A78-827F-ACBD238A1EA5,2026-04-21 11:15:53.0000000,Discover,ADEVWEATSQL1,New.Job.Description,Source: https://ola.hallengren.com,,
116,DEDCC31D-5F22-4A78-827F-ACBD238A1EA5,2026-04-21 11:15:53.0000000,Discover,ADEVWEATSQL1,New.Step1.StepName,IndexOptimize - USER_DATABASES,,
117,DEDCC31D-5F22-4A78-827F-ACBD238A1EA5,2026-04-21 11:15:53.0000000,Discover,ADEVWEATSQL1,New.Step1.SubSystem,TSQL,,
118,DEDCC31D-5F22-4A78-827F-ACBD238A1EA5,2026-04-21 11:15:53.0000000,Discover,ADEVWEATSQL1,New.Step1.DatabaseName,DBA,,
119,DEDCC31D-5F22-4A78-827F-ACBD238A1EA5,2026-04-21 11:15:53.0000000,Discover,ADEVWEATSQL1,New.Step1.OutputFile,$(ESCAPE_SQUOTE(SQLLOGDIR))\$(ESCAPE_SQUOTE(JOBNAME))_$(ESCAPE_SQUOTE(STEPID))_$(ESCAPE_SQUOTE(DATE))_$(ESCAPE_SQUOTE(TIME)).txt,,
120,DEDCC31D-5F22-4A78-827F-ACBD238A1EA5,2026-04-21 11:15:53.0000000,Discover,ADEVWEATSQL1,New.Step1.OnSuccessAction,1,,
121,DEDCC31D-5F22-4A78-827F-ACBD238A1EA5,2026-04-21 11:15:53.0000000,Discover,ADEVWEATSQL1,New.Step1.OnSuccessStepId,0,,
122,DEDCC31D-5F22-4A78-827F-ACBD238A1EA5,2026-04-21 11:15:53.0000000,Discover,ADEVWEATSQL1,New.Step1.OnFailAction,2,,
123,DEDCC31D-5F22-4A78-827F-ACBD238A1EA5,2026-04-21 11:15:53.0000000,Discover,ADEVWEATSQL1,New.Step1.OnFailStepId,0,,
124,DEDCC31D-5F22-4A78-827F-ACBD238A1EA5,2026-04-21 11:15:53.0000000,Discover,ADEVWEATSQL1,New.Step1.RetryAttempts,0,,
125,DEDCC31D-5F22-4A78-827F-ACBD238A1EA5,2026-04-21 11:15:53.0000000,Discover,ADEVWEATSQL1,New.Step1.RetryInterval,0,,
126,DEDCC31D-5F22-4A78-827F-ACBD238A1EA5,2026-04-21 11:15:53.0000000,Discover,ADEVWEATSQL1,New.Step1.Flags,0,,
127,DEDCC31D-5F22-4A78-827F-ACBD238A1EA5,2026-04-21 11:15:53.0000000,Discover,ADEVWEATSQL1,New.Step1.Command,<see Notes>,,"EXEC dbo.IndexOptimize
  @UpdateStatistics = 'ALL',
  @FragmentationHigh = 'INDEX_REBUILD_ONLINE',
  @LogToTable = 'Y',
  @FragmentationMedium = 'INDEX_REORGANIZE,INDEX_REBUILD_ONLINE',
  @FragmentationLevel1 = 5,
  @OnlyModifiedStatistics = 'N',
  @FragmentationLevel2 = 30,
  @Databases = 'USER_DATABASES'"
128,DEDCC31D-5F22-4A78-827F-ACBD238A1EA5,2026-04-21 11:15:53.0000000,Discover,ADEVWEATSQL1,Legacy.ConfigTable,Present,,Rows: 7
129,DEDCC31D-5F22-4A78-827F-ACBD238A1EA5,2026-04-21 11:15:53.0000000,Discover,ADEVWEATSQL1,Legacy.Config.INDEX STATS SCANMODE[%DATABASENAME%],DETAILED,Mapped,
130,DEDCC31D-5F22-4A78-827F-ACBD238A1EA5,2026-04-21 11:15:53.0000000,Discover,ADEVWEATSQL1,Legacy.Config.REBUILD ONLINE[%DATABASENAME%],0,Mapped,
131,DEDCC31D-5F22-4A78-827F-ACBD238A1EA5,2026-04-21 11:15:53.0000000,Discover,ADEVWEATSQL1,Legacy.Config.REBUILD THRESHOLD[%DATABASENAME%],50,Mapped,
132,DEDCC31D-5F22-4A78-827F-ACBD238A1EA5,2026-04-21 11:15:53.0000000,Discover,ADEVWEATSQL1,Legacy.Config.REINDEX PAGES LOWER THRESHOLD[%DATABASENAME%],1000,Mapped,
133,DEDCC31D-5F22-4A78-827F-ACBD238A1EA5,2026-04-21 11:15:53.0000000,Discover,ADEVWEATSQL1,Legacy.Config.REINDEX PAGES UPPER THRESHOLD[%DATABASENAME%],2147483647,Mapped,
134,DEDCC31D-5F22-4A78-827F-ACBD238A1EA5,2026-04-21 11:15:53.0000000,Discover,ADEVWEATSQL1,Legacy.Config.REORGANIZE THRESHOLD[%DATABASENAME%],20,Mapped,
135,DEDCC31D-5F22-4A78-827F-ACBD238A1EA5,2026-04-21 11:15:53.0000000,Discover,ADEVWEATSQL1,Legacy.Config.OPTIMISE EXCLUDE[DBA],1,Mapped,
136,23EF827A-8981-4159-A1B8-D4B75F8FF3B1,2026-04-22 11:26:55.0000000,Deploy,ADEVWEATSQL1,Deploy.Param.Databases,"USER_DATABASES, -DBA",Legacy,Excluded via OPTIMISE/STATS EXCLUDE: DBA
137,23EF827A-8981-4159-A1B8-D4B75F8FF3B1,2026-04-22 11:26:55.0000000,Deploy,ADEVWEATSQL1,Deploy.Param.FragmentationLevel1,20,Legacy,tblDatabaseConfig.REORGANIZE THRESHOLD
138,23EF827A-8981-4159-A1B8-D4B75F8FF3B1,2026-04-22 11:26:55.0000000,Deploy,ADEVWEATSQL1,Deploy.Param.FragmentationLevel2,50,Legacy,tblDatabaseConfig.REBUILD THRESHOLD
139,23EF827A-8981-4159-A1B8-D4B75F8FF3B1,2026-04-22 11:26:55.0000000,Deploy,ADEVWEATSQL1,Deploy.Param.FragmentationLow,NULL,Default,
140,23EF827A-8981-4159-A1B8-D4B75F8FF3B1,2026-04-22 11:26:55.0000000,Deploy,ADEVWEATSQL1,Deploy.Param.FragmentationMedium,"INDEX_REORGANIZE,INDEX_REBUILD_OFFLINE",Legacy,REBUILD ONLINE=0 disables online rebuilds
141,23EF827A-8981-4159-A1B8-D4B75F8FF3B1,2026-04-22 11:26:55.0000000,Deploy,ADEVWEATSQL1,Deploy.Param.FragmentationHigh,INDEX_REBUILD_OFFLINE,Legacy,REBUILD ONLINE=0 disables online rebuilds
142,23EF827A-8981-4159-A1B8-D4B75F8FF3B1,2026-04-22 11:26:55.0000000,Deploy,ADEVWEATSQL1,Deploy.Param.PageCountLevel,1000,Legacy,tblDatabaseConfig.REINDEX PAGES LOWER THRESHOLD
143,23EF827A-8981-4159-A1B8-D4B75F8FF3B1,2026-04-22 11:26:55.0000000,Deploy,ADEVWEATSQL1,Deploy.Param.UpdateStatistics,ALL,Default,
144,23EF827A-8981-4159-A1B8-D4B75F8FF3B1,2026-04-22 11:26:55.0000000,Deploy,ADEVWEATSQL1,Deploy.Param.OnlyModifiedStatistics,Y,Default,
145,23EF827A-8981-4159-A1B8-D4B75F8FF3B1,2026-04-22 11:26:55.0000000,Deploy,ADEVWEATSQL1,Deploy.Param.LogToTable,Y,Default,
146,23EF827A-8981-4159-A1B8-D4B75F8FF3B1,2026-04-22 11:26:55.0000000,Deploy,ADEVWEATSQL1,Deploy.Param.TimeLimit,25200,Default,
147,23EF827A-8981-4159-A1B8-D4B75F8FF3B1,2026-04-22 11:26:55.0000000,Deploy,ADEVWEATSQL1,Deploy.RemovedExisting,(DBA) - IndexOptimise - USER_DATABASES,,
148,23EF827A-8981-4159-A1B8-D4B75F8FF3B1,2026-04-22 11:26:55.0000000,Deploy,ADEVWEATSQL1,Deploy.Schedule.Source,Legacy,Legacy,
149,23EF827A-8981-4159-A1B8-D4B75F8FF3B1,2026-04-22 11:26:55.0000000,Deploy,ADEVWEATSQL1,Deploy.Schedule.Name,(DBA) - Index Optimisation,,
150,23EF827A-8981-4159-A1B8-D4B75F8FF3B1,2026-04-22 11:26:55.0000000,Deploy,ADEVWEATSQL1,Deploy.Schedule.FreqType,8,,
151,23EF827A-8981-4159-A1B8-D4B75F8FF3B1,2026-04-22 11:26:55.0000000,Deploy,ADEVWEATSQL1,Deploy.Schedule.StartTime,220000,,
152,23EF827A-8981-4159-A1B8-D4B75F8FF3B1,2026-04-22 11:26:55.0000000,Deploy,ADEVWEATSQL1,Deploy.ReviewRequired,True,Warning,Legacy job present but mappable params fell back to defaults (tblDatabaseConfig likely missing rows): OnlyModifiedStatistics
